{
  "project_info": {
    "project_number": "15057505954",
    "project_id": "trapp-1f3e0",
    "storage_bucket": "trapp-1f3e0.appspot.com"
  },
  "client": [
    {
      "client_info": {
        "mobilesdk_app_id": "1:15057505954:android:f80d9b1e0d9a636f9451fb",
        "android_client_info": {
          "package_name": "com.qiu.trapp"
        }
      },
      "oauth_client": [
        {
          "client_id": "15057505954-pbtql4qmda5bi46hkamgsgn2kdhodhm3.apps.googleusercontent.com",
          "client_type": 3
        }
      ],
      "api_key": [
        {
          "current_key": "AIzaSyArO1xIRAR9_zwmzooetuJqyI6A7TjVnEM"
        }
      ],
      "services": {
        "appinvite_service": {
          "other_platform_oauth_client": [
            {
              "client_id": "15057505954-pbtql4qmda5bi46hkamgsgn2kdhodhm3.apps.googleusercontent.com",
              "client_type": 3
            }
          ]
        }
      }
    }
  ],
  "configuration_version": "1"
}